framework,copy_pattern,size,bytes,stride,iterations,avg_kernel_ms,min_kernel_ms,effective_gbps,correct
cuda,contiguous,1048576,4194304,1,10,0.007661,0.006208,1095.004,PASS
cuda,contiguous,1048576,4194304,1,50,0.007868,0.006176,1066.146,PASS
cuda,contiguous,1048576,4194304,1,100,0.007910,0.006208,1060.496,PASS
cuda,strided,1048576,4194304,2,10,0.008035,0.007808,1043.983,PASS
cuda,strided,1048576,4194304,2,50,0.008045,0.006464,1042.654,PASS
cuda,strided,1048576,4194304,2,100,0.007954,0.006464,1054.651,PASS
cuda,strided,1048576,4194304,4,10,0.007974,0.007552,1051.942,PASS
cuda,strided,1048576,4194304,4,50,0.008239,0.007488,1018.114,PASS
cuda,strided,1048576,4194304,4,100,0.008111,0.006528,1034.221,PASS
cuda,strided,1048576,4194304,8,10,0.007856,0.007328,1067.796,PASS
cuda,strided,1048576,4194304,8,50,0.008224,0.007552,1020.016,PASS
cuda,strided,1048576,4194304,8,100,0.008087,0.007552,1037.290,PASS
cuda,strided,1048576,4194304,16,10,0.008192,0.007648,1024.000,PASS
cuda,strided,1048576,4194304,16,50,0.008075,0.007552,1038.853,PASS
cuda,strided,1048576,4194304,16,100,0.008032,0.007552,1044.398,PASS
cuda,strided,1048576,4194304,32,10,0.010016,0.009664,837.521,PASS
cuda,strided,1048576,4194304,32,50,0.010200,0.009632,822.387,PASS
cuda,strided,1048576,4194304,32,100,0.010171,0.009568,824.793,PASS
cuda,strided,1048576,4194304,64,10,0.010371,0.009856,808.837,PASS
cuda,strided,1048576,4194304,64,50,0.010173,0.009632,824.560,PASS
cuda,strided,1048576,4194304,64,100,0.010043,0.009600,835.253,PASS
cuda,contiguous,4194304,16777216,1,10,0.014147,0.012704,2371.807,PASS
cuda,contiguous,4194304,16777216,1,50,0.014458,0.012736,2320.783,PASS
cuda,contiguous,4194304,16777216,1,100,0.014332,0.012672,2341.303,PASS
cuda,strided,4194304,16777216,2,10,0.014173,0.013760,2367.523,PASS
cuda,strided,4194304,16777216,2,50,0.014513,0.013760,2311.982,PASS
cuda,strided,4194304,16777216,2,100,0.014241,0.013696,2356.192,PASS
cuda,strided,4194304,16777216,4,10,0.014304,0.013952,2345.808,PASS
cuda,strided,4194304,16777216,4,50,0.014408,0.013696,2328.824,PASS
cuda,strided,4194304,16777216,4,100,0.014254,0.013664,2354.076,PASS
cuda,strided,4194304,16777216,8,10,0.014374,0.013696,2334.319,PASS
cuda,strided,4194304,16777216,8,50,0.014470,0.013216,2318.935,PASS
cuda,strided,4194304,16777216,8,100,0.014323,0.013664,2342.716,PASS
cuda,strided,4194304,16777216,16,10,0.016595,0.015712,2021.936,PASS
cuda,strided,4194304,16777216,16,50,0.016627,0.015776,2018.122,PASS
cuda,strided,4194304,16777216,16,100,0.016281,0.015712,2061.002,PASS
cuda,strided,4194304,16777216,32,10,0.022608,0.021888,1484.184,PASS
cuda,strided,4194304,16777216,32,50,0.022839,0.021888,1469.170,PASS
cuda,strided,4194304,16777216,32,100,0.022505,0.021856,1490.958,PASS
cuda,strided,4194304,16777216,64,10,0.022819,0.021984,1470.447,PASS
cuda,strided,4194304,16777216,64,50,0.022949,0.021856,1462.123,PASS
cuda,strided,4194304,16777216,64,100,0.022460,0.021856,1493.996,PASS
cuda,contiguous,16777216,67108864,1,10,0.051184,0.049280,2622.260,PASS
cuda,contiguous,16777216,67108864,1,50,0.051313,0.049280,2615.653,PASS
cuda,contiguous,16777216,67108864,1,100,0.050950,0.049184,2634.282,PASS
cuda,strided,16777216,67108864,2,10,0.055459,0.054720,2420.116,PASS
cuda,strided,16777216,67108864,2,50,0.055828,0.054624,2404.109,PASS
cuda,strided,16777216,67108864,2,100,0.055571,0.054656,2415.239,PASS
cuda,strided,16777216,67108864,4,10,0.047168,0.046496,2845.525,PASS
cuda,strided,16777216,67108864,4,50,0.047400,0.045408,2831.578,PASS
cuda,strided,16777216,67108864,4,100,0.047087,0.045280,2850.398,PASS
cuda,strided,16777216,67108864,8,10,0.047046,0.046560,2852.880,PASS
cuda,strided,16777216,67108864,8,50,0.047426,0.046528,2830.050,PASS
cuda,strided,16777216,67108864,8,100,0.047209,0.046432,2843.037,PASS
cuda,strided,16777216,67108864,16,10,0.052787,0.051008,2542.619,PASS
cuda,strided,16777216,67108864,16,50,0.051950,0.050528,2583.590,PASS
cuda,strided,16777216,67108864,16,100,0.051713,0.050528,2595.437,PASS
cuda,strided,16777216,67108864,32,10,0.072525,0.071552,1850.646,PASS
cuda,strided,16777216,67108864,32,50,0.072925,0.071104,1840.495,PASS
cuda,strided,16777216,67108864,32,100,0.072195,0.071072,1859.095,PASS
cuda,strided,16777216,67108864,64,10,0.070445,0.069600,1905.289,PASS
cuda,strided,16777216,67108864,64,50,0.070867,0.069216,1893.950,PASS
cuda,strided,16777216,67108864,64,100,0.070416,0.069184,1906.077,PASS
cuda,contiguous,67108864,268435456,1,10,0.185072,0.184256,2900.876,PASS
cuda,contiguous,67108864,268435456,1,50,0.186048,0.183936,2885.659,PASS
cuda,contiguous,67108864,268435456,1,100,0.185430,0.183936,2895.274,PASS
cuda,strided,67108864,268435456,2,10,0.219069,0.218528,2450.696,PASS
cuda,strided,67108864,268435456,2,50,0.219562,0.218496,2445.188,PASS
cuda,strided,67108864,268435456,2,100,0.219188,0.218496,2449.364,PASS
cuda,strided,67108864,268435456,4,10,0.239802,0.239008,2238.813,PASS
cuda,strided,67108864,268435456,4,50,0.239969,0.239008,2237.249,PASS
cuda,strided,67108864,268435456,4,100,0.239760,0.238976,2239.198,PASS
cuda,strided,67108864,268435456,8,10,0.325574,0.324992,1648.996,PASS
cuda,strided,67108864,268435456,8,50,0.326000,0.324992,1646.844,PASS
cuda,strided,67108864,268435456,8,100,0.325809,0.323872,1647.811,PASS
cuda,strided,67108864,268435456,16,10,0.618208,0.616032,868.431,PASS
cuda,strided,67108864,268435456,16,50,0.616496,0.613856,870.843,PASS
cuda,strided,67108864,268435456,16,100,0.616162,0.613824,871.315,PASS
cuda,strided,67108864,268435456,32,10,1.196413,1.193376,448.734,PASS
cuda,strided,67108864,268435456,32,50,1.193789,1.191456,449.720,PASS
cuda,strided,67108864,268435456,32,100,1.193632,1.191584,449.779,PASS
cuda,strided,67108864,268435456,64,10,1.193568,1.191040,449.803,PASS
cuda,strided,67108864,268435456,64,50,1.189900,1.187808,451.190,PASS
cuda,strided,67108864,268435456,64,100,1.189537,1.187424,451.328,PASS
pytorch,contiguous,1048576,4194304,1,10,0.026765,0.020544,313.419,PASS
pytorch,contiguous,1048576,4194304,1,50,0.017578,0.015008,477.215,PASS
pytorch,contiguous,1048576,4194304,1,100,0.017039,0.013472,492.308,PASS
pytorch,strided,1048576,4194304,2,10,0.052294,0.044896,160.411,PASS
pytorch,strided,1048576,4194304,2,50,0.045130,0.037824,185.878,PASS
pytorch,strided,1048576,4194304,2,100,0.043465,0.035744,192.997,PASS
pytorch,strided,1048576,4194304,4,10,0.043837,0.040288,191.360,PASS
pytorch,strided,1048576,4194304,4,50,0.044127,0.037632,190.103,PASS
pytorch,strided,1048576,4194304,4,100,0.043280,0.036672,193.820,PASS
pytorch,strided,1048576,4194304,8,10,0.047363,0.040192,177.112,PASS
pytorch,strided,1048576,4194304,8,50,0.044582,0.039200,188.160,PASS
pytorch,strided,1048576,4194304,8,100,0.043066,0.037056,194.785,PASS
pytorch,strided,1048576,4194304,16,10,0.045309,0.039936,185.143,PASS
pytorch,strided,1048576,4194304,16,50,0.043006,0.037120,195.056,PASS
pytorch,strided,1048576,4194304,16,100,0.040914,0.034496,205.031,PASS
pytorch,strided,1048576,4194304,32,10,0.045274,0.040768,185.287,PASS
pytorch,strided,1048576,4194304,32,50,0.040629,0.036288,206.468,PASS
pytorch,strided,1048576,4194304,32,100,0.040360,0.034112,207.843,PASS
pytorch,strided,1048576,4194304,64,10,0.044621,0.038176,187.998,PASS
pytorch,strided,1048576,4194304,64,50,0.042547,0.034656,197.163,PASS
pytorch,strided,1048576,4194304,64,100,0.039101,0.033760,214.538,PASS
pytorch,contiguous,4194304,16777216,1,10,0.016051,0.014304,2090.463,PASS
pytorch,contiguous,4194304,16777216,1,50,0.015084,0.012832,2224.481,PASS
pytorch,contiguous,4194304,16777216,1,100,0.014516,0.012288,2311.472,PASS
pytorch,strided,4194304,16777216,2,10,0.046515,0.039040,721.365,PASS
pytorch,strided,4194304,16777216,2,50,0.042879,0.036576,782.543,PASS
pytorch,strided,4194304,16777216,2,100,0.042013,0.037344,798.659,PASS
pytorch,strided,4194304,16777216,4,10,0.049101,0.043040,683.379,PASS
pytorch,strided,4194304,16777216,4,50,0.044553,0.039520,753.136,PASS
pytorch,strided,4194304,16777216,4,100,0.041607,0.036864,806.460,PASS
pytorch,strided,4194304,16777216,8,10,0.044390,0.039200,755.894,PASS
pytorch,strided,4194304,16777216,8,50,0.043548,0.037664,770.513,PASS
pytorch,strided,4194304,16777216,8,100,0.043349,0.038624,774.057,PASS
pytorch,strided,4194304,16777216,16,10,0.047366,0.040768,708.402,PASS
pytorch,strided,4194304,16777216,16,50,0.043605,0.039264,769.507,PASS
pytorch,strided,4194304,16777216,16,100,0.042806,0.039872,783.865,PASS
pytorch,strided,4194304,16777216,32,10,0.049984,0.047584,671.303,PASS
pytorch,strided,4194304,16777216,32,50,0.048992,0.046784,684.896,PASS
pytorch,strided,4194304,16777216,32,100,0.048997,0.044928,684.829,PASS
pytorch,strided,4194304,16777216,64,10,0.052829,0.048672,635.154,PASS
pytorch,strided,4194304,16777216,64,50,0.049195,0.045568,682.072,PASS
pytorch,strided,4194304,16777216,64,100,0.049475,0.044800,678.216,PASS
pytorch,contiguous,16777216,67108864,1,10,0.031533,0.029472,4256.448,PASS
pytorch,contiguous,16777216,67108864,1,50,0.030726,0.028768,4368.157,PASS
pytorch,contiguous,16777216,67108864,1,100,0.030640,0.028544,4380.474,PASS
pytorch,strided,16777216,67108864,2,10,0.120243,0.116896,1116.219,PASS
pytorch,strided,16777216,67108864,2,50,0.118559,0.115072,1132.072,PASS
pytorch,strided,16777216,67108864,2,100,0.118599,0.115168,1131.696,PASS
pytorch,strided,16777216,67108864,4,10,0.123155,0.119264,1089.826,PASS
pytorch,strided,16777216,67108864,4,50,0.121676,0.117824,1103.079,PASS
pytorch,strided,16777216,67108864,4,100,0.120545,0.116192,1113.428,PASS
pytorch,strided,16777216,67108864,8,10,0.125635,0.122560,1068.313,PASS
pytorch,strided,16777216,67108864,8,50,0.124567,0.120928,1077.474,PASS
pytorch,strided,16777216,67108864,8,100,0.123708,0.120896,1084.960,PASS
pytorch,strided,16777216,67108864,16,10,0.141293,0.136608,949.926,PASS
pytorch,strided,16777216,67108864,16,50,0.139474,0.135680,962.314,PASS
pytorch,strided,16777216,67108864,16,100,0.139438,0.134656,962.562,PASS
pytorch,strided,16777216,67108864,32,10,0.156339,0.152512,858.503,PASS
pytorch,strided,16777216,67108864,32,50,0.153482,0.150464,874.484,PASS
pytorch,strided,16777216,67108864,32,100,0.152806,0.148768,878.351,PASS
pytorch,strided,16777216,67108864,64,10,0.121424,0.117536,1105.364,PASS
pytorch,strided,16777216,67108864,64,50,0.120353,0.115872,1115.198,PASS
pytorch,strided,16777216,67108864,64,100,0.120348,0.116288,1115.245,PASS
pytorch,contiguous,67108864,268435456,1,10,0.090691,0.088352,5919.768,PASS
pytorch,contiguous,67108864,268435456,1,50,0.089985,0.088160,5966.251,PASS
pytorch,contiguous,67108864,268435456,1,100,0.089952,0.088256,5968.416,PASS
pytorch,strided,67108864,268435456,2,10,0.391600,0.383552,1370.968,PASS
pytorch,strided,67108864,268435456,2,50,0.387795,0.383136,1384.421,PASS
pytorch,strided,67108864,268435456,2,100,0.387752,0.382240,1384.573,PASS
pytorch,strided,67108864,268435456,4,10,0.430256,0.423840,1247.794,PASS
pytorch,strided,67108864,268435456,4,50,0.424394,0.420096,1265.031,PASS
pytorch,strided,67108864,268435456,4,100,0.424590,0.419776,1264.444,PASS
pytorch,strided,67108864,268435456,8,10,0.533549,0.526112,1006.226,PASS
pytorch,strided,67108864,268435456,8,50,0.529404,0.523744,1014.104,PASS
pytorch,strided,67108864,268435456,8,100,0.529267,0.523392,1014.366,PASS
pytorch,strided,67108864,268435456,16,10,0.815840,0.811552,658.059,PASS
pytorch,strided,67108864,268435456,16,50,0.815334,0.806848,658.468,PASS
pytorch,strided,67108864,268435456,16,100,0.814234,0.808064,659.357,PASS
pytorch,strided,67108864,268435456,32,10,1.383325,1.375872,388.102,PASS
pytorch,strided,67108864,268435456,32,50,1.381695,1.375936,388.560,PASS
pytorch,strided,67108864,268435456,32,100,1.380219,1.373312,388.975,PASS
pytorch,strided,67108864,268435456,64,10,0.860480,0.844160,623.920,PASS
pytorch,strided,67108864,268435456,64,50,0.857119,0.842400,626.367,PASS
pytorch,strided,67108864,268435456,64,100,0.854049,0.840800,628.619,PASS
