source_file,group_type,n,block_size,rows,bad_rows_file_level,ratio_mean,ratio_median,ratio_p95,ratio_min,ratio_max
cuda_timings.csv,by_block_size,,128,1500,0,9.828694,7.798390,17.667536,1.687500,164.157247
cuda_timings.csv,by_block_size,,256,1500,0,11.960904,7.774036,23.743977,0.400110,433.754600
cuda_timings.csv,by_block_size,,512,1500,0,12.470544,8.135120,27.235848,1.899497,438.997984
cuda_timings.csv,by_n_block,1024,128,100,0,5.017331,4.733236,6.595041,3.270386,10.985000
cuda_timings.csv,by_n_block,1024,256,100,0,4.938257,4.903816,6.066116,1.602105,9.373142
cuda_timings.csv,by_n_block,1024,512,100,0,4.870605,4.875663,6.133333,1.899497,8.223022
cuda_timings.csv,by_n_block,1048576,128,100,0,12.143373,11.581132,13.578066,10.724337,52.396148
cuda_timings.csv,by_n_block,1048576,256,100,0,14.371312,13.357567,17.072701,12.426478,49.985491
cuda_timings.csv,by_n_block,1048576,512,100,0,16.893876,16.917352,19.091087,13.334677,57.087500
cuda_timings.csv,by_n_block,131072,128,100,0,8.149502,6.549738,7.137321,5.351111,164.157247
cuda_timings.csv,by_n_block,131072,256,100,0,7.809369,7.121136,9.237037,6.194030,47.606072
cuda_timings.csv,by_n_block,131072,512,100,0,10.439279,7.217514,9.423586,5.169481,304.604794
cuda_timings.csv,by_n_block,16384,128,100,0,7.415925,7.075817,9.383459,5.288043,13.012091
cuda_timings.csv,by_n_block,16384,256,100,0,7.216474,7.134051,9.500000,5.379808,11.185351
cuda_timings.csv,by_n_block,16384,512,100,0,7.710669,7.299837,9.424460,5.555556,11.397068
cuda_timings.csv,by_n_block,16777216,128,100,0,17.518028,17.160088,17.568847,16.687055,53.545914
cuda_timings.csv,by_n_block,16777216,256,100,0,22.687197,22.166094,23.017491,21.220484,72.679562
cuda_timings.csv,by_n_block,16777216,512,100,0,20.857657,20.448978,20.856979,19.535770,62.198095
cuda_timings.csv,by_n_block,2048,128,100,0,4.984976,4.810231,6.080292,3.473354,6.777415
cuda_timings.csv,by_n_block,2048,256,100,0,4.962820,4.440504,6.400000,0.400110,8.160784
cuda_timings.csv,by_n_block,2048,512,100,0,4.813383,4.472823,5.697674,3.905556,7.327494
cuda_timings.csv,by_n_block,2097152,128,100,0,13.593978,13.093760,14.441486,12.331264,53.704823
cuda_timings.csv,by_n_block,2097152,256,100,0,20.094997,19.376929,22.728420,17.825489,67.973551
cuda_timings.csv,by_n_block,2097152,512,100,0,23.218287,23.016488,23.957938,18.622178,78.658512
cuda_timings.csv,by_n_block,262144,128,100,0,8.900681,8.439333,9.314464,7.165138,51.742639
cuda_timings.csv,by_n_block,262144,256,100,0,9.484282,8.709903,11.400000,7.509804,67.597637
cuda_timings.csv,by_n_block,262144,512,100,0,9.142980,8.652542,10.619496,7.651897,52.387087
cuda_timings.csv,by_n_block,32768,128,100,0,6.882402,6.142469,8.305344,5.189722,38.809896
cuda_timings.csv,by_n_block,32768,256,100,0,6.931753,6.102286,8.000000,5.092308,46.613335
cuda_timings.csv,by_n_block,32768,512,100,0,6.444253,5.924157,7.977273,3.089595,32.950620
cuda_timings.csv,by_n_block,4096,128,100,0,4.825863,4.465840,6.109489,3.888889,7.931010
cuda_timings.csv,by_n_block,4096,256,100,0,4.864231,4.498493,6.108527,3.887957,14.340806
cuda_timings.csv,by_n_block,4096,512,100,0,5.220263,5.450483,6.663866,3.869792,7.466806
cuda_timings.csv,by_n_block,4194304,128,100,0,15.260750,14.963060,15.264626,14.304557,49.774306
cuda_timings.csv,by_n_block,4194304,256,100,0,24.649746,23.864187,26.828085,22.532812,82.854884
cuda_timings.csv,by_n_block,4194304,512,100,0,28.377838,27.524317,28.676969,26.301424,109.033098
cuda_timings.csv,by_n_block,524288,128,100,0,9.896230,9.121914,11.793257,3.413128,53.271147
cuda_timings.csv,by_n_block,524288,256,100,0,12.041649,11.716957,12.634286,9.812353,48.414961
cuda_timings.csv,by_n_block,524288,512,100,0,12.087609,11.302830,12.793103,9.823256,73.926440
cuda_timings.csv,by_n_block,65536,128,100,0,6.920663,6.205714,8.242647,5.275670,53.605609
cuda_timings.csv,by_n_block,65536,256,100,0,10.435889,6.049548,7.927536,5.441489,433.754600
cuda_timings.csv,by_n_block,65536,512,100,0,10.891298,6.157420,8.203008,3.013477,438.997984
cuda_timings.csv,by_n_block,8192,128,100,0,5.631455,5.201846,6.946970,1.687500,8.088235
cuda_timings.csv,by_n_block,8192,256,100,0,5.490335,5.154148,6.722628,4.533333,8.128228
cuda_timings.csv,by_n_block,8192,512,100,0,5.232497,5.019432,6.607366,2.125965,8.425987
cuda_timings.csv,by_n_block,8388608,128,100,0,20.289252,19.375628,27.564165,14.251806,50.785521
cuda_timings.csv,by_n_block,8388608,256,100,0,23.435244,22.776592,24.268217,17.744706,82.599993
cuda_timings.csv,by_n_block,8388608,512,100,0,20.857663,20.540276,21.153590,19.247848,68.313191
cuda_timings.csv,by_size,1024,,300,0,4.942064,4.857342,6.201613,1.602105,10.985000
cuda_timings.csv,by_size,1048576,,300,0,14.469520,13.468478,18.472396,10.724337,57.087500
cuda_timings.csv,by_size,131072,,300,0,8.799383,6.958689,9.304348,5.169481,304.604794
cuda_timings.csv,by_size,16384,,300,0,7.447689,7.176321,9.471241,5.288043,13.012091
cuda_timings.csv,by_size,16777216,,300,0,20.354294,20.456448,22.677785,16.687055,72.679562
cuda_timings.csv,by_size,2048,,300,0,4.920393,4.562003,6.180328,0.400110,8.160784
cuda_timings.csv,by_size,2097152,,300,0,18.969087,19.326332,23.725870,12.331264,78.658512
cuda_timings.csv,by_size,262144,,300,0,9.175981,8.605562,11.178571,7.165138,67.597637
cuda_timings.csv,by_size,32768,,300,0,6.752803,6.028490,8.175811,3.089595,46.613335
cuda_timings.csv,by_size,4096,,300,0,4.970119,4.561723,6.435484,3.869792,14.340806
cuda_timings.csv,by_size,4194304,,300,0,22.762778,23.878992,28.383002,14.304557,109.033098
cuda_timings.csv,by_size,524288,,300,0,11.341829,11.074930,12.578947,3.413128,73.926440
cuda_timings.csv,by_size,65536,,300,0,9.415950,6.125104,8.130435,3.013477,438.997984
cuda_timings.csv,by_size,8192,,300,0,5.451429,5.111741,6.832061,1.687500,8.425987
cuda_timings.csv,by_size,8388608,,300,0,21.527386,20.988437,26.118627,14.251806,82.599993
cuda_timings_saxpy.csv,by_block_size,,128,1500,0,9.475854,7.527923,16.753250,1.627409,59.300832
cuda_timings_saxpy.csv,by_block_size,,256,1500,0,11.715463,7.524828,24.304622,3.225025,146.886610
cuda_timings_saxpy.csv,by_block_size,,512,1500,0,12.137358,7.706401,27.483007,3.200000,110.638552
cuda_timings_saxpy.csv,by_n_block,1024,128,100,0,5.036907,5.314236,6.457627,3.617925,8.392830
cuda_timings_saxpy.csv,by_n_block,1024,256,100,0,5.327674,5.478416,6.512605,3.225025,12.186441
cuda_timings_saxpy.csv,by_n_block,1024,512,100,0,4.535975,4.513762,5.674419,3.365535,8.963235
cuda_timings_saxpy.csv,by_n_block,1048576,128,100,0,12.585992,12.099647,13.992571,6.710626,53.496215
cuda_timings_saxpy.csv,by_n_block,1048576,256,100,0,15.271143,13.744256,17.373290,7.081863,146.886610
cuda_timings_saxpy.csv,by_n_block,1048576,512,100,0,16.953142,15.834104,19.183953,13.790449,77.740186
cuda_timings_saxpy.csv,by_n_block,131072,128,100,0,7.039554,6.449258,7.243523,5.395597,59.300832
cuda_timings_saxpy.csv,by_n_block,131072,256,100,0,7.420804,6.606103,9.014085,5.263374,57.155903
cuda_timings_saxpy.csv,by_n_block,131072,512,100,0,7.379299,6.818589,8.797101,5.699677,44.033308
cuda_timings_saxpy.csv,by_n_block,16384,128,100,0,6.967316,6.717403,9.030534,4.423963,9.526316
cuda_timings_saxpy.csv,by_n_block,16384,256,100,0,7.112338,6.819209,9.079937,5.270718,9.398551
cuda_timings_saxpy.csv,by_n_block,16384,512,100,0,7.153394,6.928683,8.946970,4.012146,9.219934
cuda_timings_saxpy.csv,by_n_block,16777216,128,100,0,17.080287,16.745249,17.140625,15.903089,52.165311
cuda_timings_saxpy.csv,by_n_block,16777216,256,100,0,22.597678,22.085582,22.879571,21.342525,68.142262
cuda_timings_saxpy.csv,by_n_block,16777216,512,100,0,22.128372,21.685970,22.104696,20.625970,70.318223
cuda_timings_saxpy.csv,by_n_block,2048,128,100,0,4.348547,4.077995,5.548872,3.434146,7.118519
cuda_timings_saxpy.csv,by_n_block,2048,256,100,0,5.116343,5.253779,6.046154,3.567458,9.558824
cuda_timings_saxpy.csv,by_n_block,2048,512,100,0,4.973808,5.146128,6.037879,3.370192,9.137500
cuda_timings_saxpy.csv,by_n_block,2097152,128,100,0,14.056787,13.764723,14.219699,12.869132,48.721418
cuda_timings_saxpy.csv,by_n_block,2097152,256,100,0,19.899091,19.127334,21.996528,18.036458,84.803097
cuda_timings_saxpy.csv,by_n_block,2097152,512,100,0,24.148619,23.780350,25.062760,11.468342,74.067210
cuda_timings_saxpy.csv,by_n_block,262144,128,100,0,8.579796,8.131262,9.381684,6.912863,48.511132
cuda_timings_saxpy.csv,by_n_block,262144,256,100,0,8.405238,7.835423,9.267442,3.358436,55.278967
cuda_timings_saxpy.csv,by_n_block,262144,512,100,0,8.789135,8.081632,10.718331,7.211268,53.165389
cuda_timings_saxpy.csv,by_n_block,32768,128,100,0,6.502141,5.682857,7.594203,4.648034,49.595918
cuda_timings_saxpy.csv,by_n_block,32768,256,100,0,6.503128,5.837143,7.691176,4.881517,37.713942
cuda_timings_saxpy.csv,by_n_block,32768,512,100,0,6.481922,5.636949,7.706767,4.124481,53.811021
cuda_timings_saxpy.csv,by_n_block,4096,128,100,0,4.685396,4.260958,6.054264,1.627409,7.755787
cuda_timings_saxpy.csv,by_n_block,4096,256,100,0,4.567955,4.309509,5.873134,3.637255,6.037879
cuda_timings_saxpy.csv,by_n_block,4096,512,100,0,4.984572,4.767013,6.576271,3.200000,6.872062
cuda_timings_saxpy.csv,by_n_block,4194304,128,100,0,16.084419,15.681106,16.072077,14.865822,55.944086
cuda_timings_saxpy.csv,by_n_block,4194304,256,100,0,25.099924,24.465650,25.324912,23.349481,80.394730
cuda_timings_saxpy.csv,by_n_block,4194304,512,100,0,28.410177,27.854434,28.821686,26.127790,90.216810
cuda_timings_saxpy.csv,by_n_block,524288,128,100,0,10.313206,9.501915,11.554650,7.486395,53.467130
cuda_timings_saxpy.csv,by_n_block,524288,256,100,0,12.801232,12.300641,13.221112,10.318324,64.867671
cuda_timings_saxpy.csv,by_n_block,524288,512,100,0,12.156486,11.407314,12.982955,8.804125,69.337033
cuda_timings_saxpy.csv,by_n_block,65536,128,100,0,6.777404,6.008149,8.093750,2.769802,53.109863
cuda_timings_saxpy.csv,by_n_block,65536,256,100,0,6.618063,5.854023,7.927763,5.053659,55.765887
cuda_timings_saxpy.csv,by_n_block,65536,512,100,0,7.201470,5.805583,7.961492,4.877866,110.638552
cuda_timings_saxpy.csv,by_n_block,8192,128,100,0,5.319523,4.811667,6.721805,3.605809,8.952381
cuda_timings_saxpy.csv,by_n_block,8192,256,100,0,5.380965,5.579058,6.477612,4.068293,6.896050
cuda_timings_saxpy.csv,by_n_block,8192,512,100,0,5.479513,5.746438,6.587786,3.785366,7.767152
cuda_timings_saxpy.csv,by_n_block,8388608,128,100,0,16.760537,16.288326,17.078752,15.800281,55.403578
cuda_timings_saxpy.csv,by_n_block,8388608,256,100,0,23.610364,22.993913,24.478188,22.291144,73.034133
cuda_timings_saxpy.csv,by_n_block,8388608,512,100,0,21.284479,20.642703,21.860174,19.726683,68.224152
cuda_timings_saxpy.csv,by_size,1024,,300,0,4.966852,4.906780,6.365327,3.225025,12.186441
cuda_timings_saxpy.csv,by_size,1048576,,300,0,14.936759,13.876579,18.929730,6.710626,146.886610
cuda_timings_saxpy.csv,by_size,131072,,300,0,7.279886,6.589379,8.791367,5.263374,59.300832
cuda_timings_saxpy.csv,by_size,16384,,300,0,7.077683,6.809019,9.022222,4.012146,9.526316
cuda_timings_saxpy.csv,by_size,16777216,,300,0,20.602112,21.633327,22.578284,15.903089,70.318223
cuda_timings_saxpy.csv,by_size,2048,,300,0,4.812899,4.878408,6.000147,3.370192,9.558824
cuda_timings_saxpy.csv,by_size,2097152,,300,0,19.368166,19.127334,24.661352,11.468342,84.803097
cuda_timings_saxpy.csv,by_size,262144,,300,0,8.591389,8.017653,9.526721,3.358436,55.278967
cuda_timings_saxpy.csv,by_size,32768,,300,0,6.495730,5.747881,7.691176,4.124481,53.811021
cuda_timings_saxpy.csv,by_size,4096,,300,0,4.745974,4.330601,6.364341,1.627409,7.755787
cuda_timings_saxpy.csv,by_size,4194304,,300,0,23.198173,24.471033,28.448902,14.865822,90.216810
cuda_timings_saxpy.csv,by_size,524288,,300,0,11.756975,11.398556,12.982955,7.486395,69.337033
cuda_timings_saxpy.csv,by_size,65536,,300,0,6.865646,5.864534,8.029851,2.769802,110.638552
cuda_timings_saxpy.csv,by_size,8192,,300,0,5.393333,5.424766,6.590909,3.605809,8.952381
cuda_timings_saxpy.csv,by_size,8388608,,300,0,20.551794,20.658836,23.711968,15.800281,73.034133
cuda_timings_vector_add.csv,by_block_size,,128,1500,0,9.593243,7.763267,17.236203,1.419883,82.000647
cuda_timings_vector_add.csv,by_block_size,,256,1500,0,11.840790,7.755219,23.661255,2.491018,128.740774
cuda_timings_vector_add.csv,by_block_size,,512,1500,0,12.928411,7.451236,27.202804,1.419729,1217.713385
cuda_timings_vector_add.csv,by_n_block,1024,128,100,0,4.690383,4.315584,6.185736,2.126437,7.248933
cuda_timings_vector_add.csv,by_n_block,1024,256,100,0,4.764720,4.610888,6.410853,2.774554,8.345679
cuda_timings_vector_add.csv,by_n_block,1024,512,100,0,4.900925,4.994204,5.955224,3.290043,8.746753
cuda_timings_vector_add.csv,by_n_block,1048576,128,100,0,12.619682,11.897430,14.367543,10.846021,61.448891
cuda_timings_vector_add.csv,by_n_block,1048576,256,100,0,15.301542,14.383098,17.804285,7.130943,60.289800
cuda_timings_vector_add.csv,by_n_block,1048576,512,100,0,16.994139,16.791574,20.197740,11.639562,59.399862
cuda_timings_vector_add.csv,by_n_block,131072,128,100,0,7.225302,6.840426,8.089385,2.714859,47.462262
cuda_timings_vector_add.csv,by_n_block,131072,256,100,0,7.602994,7.045783,9.408987,5.273218,40.951297
cuda_timings_vector_add.csv,by_n_block,131072,512,100,0,7.558503,6.603682,8.331206,5.170635,87.956922
cuda_timings_vector_add.csv,by_n_block,16384,128,100,0,7.102467,6.844447,9.097248,1.419883,9.328695
cuda_timings_vector_add.csv,by_n_block,16384,256,100,0,6.869827,6.592468,9.154642,3.847390,9.925926
cuda_timings_vector_add.csv,by_n_block,16384,512,100,0,6.978445,6.844857,9.000226,4.941799,9.615385
cuda_timings_vector_add.csv,by_n_block,16777216,128,100,0,17.729097,17.335706,17.722227,16.814491,58.658535
cuda_timings_vector_add.csv,by_n_block,16777216,256,100,0,23.675256,22.984111,23.878177,21.817896,88.040641
cuda_timings_vector_add.csv,by_n_block,16777216,512,100,0,22.731493,22.114947,22.748330,21.406794,81.897995
cuda_timings_vector_add.csv,by_n_block,2048,128,100,0,4.312508,4.057728,5.488889,1.997050,5.977612
cuda_timings_vector_add.csv,by_n_block,2048,256,100,0,4.878994,4.769639,6.237705,3.404545,8.296296
cuda_timings_vector_add.csv,by_n_block,2048,512,100,0,4.749378,4.533586,6.137349,1.419729,7.098901
cuda_timings_vector_add.csv,by_n_block,2097152,128,100,0,14.136247,13.616132,15.119297,11.891428,62.280566
cuda_timings_vector_add.csv,by_n_block,2097152,256,100,0,21.946467,19.713786,23.394875,11.128971,128.740774
cuda_timings_vector_add.csv,by_n_block,2097152,512,100,0,23.363979,23.005728,25.587500,11.116351,77.088359
cuda_timings_vector_add.csv,by_n_block,262144,128,100,0,8.767179,8.280161,9.468750,6.076336,48.572877
cuda_timings_vector_add.csv,by_n_block,262144,256,100,0,8.842064,8.316953,11.005714,6.344961,50.323444
cuda_timings_vector_add.csv,by_n_block,262144,512,100,0,20.529926,8.529654,10.623377,3.386892,1217.713385
cuda_timings_vector_add.csv,by_n_block,32768,128,100,0,6.591358,5.925911,8.028777,5.060914,40.371958
cuda_timings_vector_add.csv,by_n_block,32768,256,100,0,7.028519,5.901921,7.827338,5.010417,85.901786
cuda_timings_vector_add.csv,by_n_block,32768,512,100,0,6.367928,5.754266,7.788321,2.697121,45.217487
cuda_timings_vector_add.csv,by_n_block,4096,128,100,0,4.596250,4.380910,5.772727,2.031578,6.725191
cuda_timings_vector_add.csv,by_n_block,4096,256,100,0,4.431354,4.208413,5.606061,3.540670,6.169231
cuda_timings_vector_add.csv,by_n_block,4096,512,100,0,4.987571,5.062387,6.224114,2.441489,8.930636
cuda_timings_vector_add.csv,by_n_block,4194304,128,100,0,16.222985,15.826472,16.295027,14.518254,57.589043
cuda_timings_vector_add.csv,by_n_block,4194304,256,100,0,24.411684,23.518585,26.289836,19.802064,104.396264
cuda_timings_vector_add.csv,by_n_block,4194304,512,100,0,28.226695,27.439490,29.041240,24.213518,103.648702
cuda_timings_vector_add.csv,by_n_block,524288,128,100,0,10.610167,9.469342,11.773196,8.444444,82.000647
cuda_timings_vector_add.csv,by_n_block,524288,256,100,0,12.516714,12.109819,13.029240,10.341158,62.740297
cuda_timings_vector_add.csv,by_n_block,524288,512,100,0,12.248270,11.748816,13.381684,7.478072,53.495107
cuda_timings_vector_add.csv,by_n_block,65536,128,100,0,7.184860,6.040449,8.529642,5.328283,81.128567
cuda_timings_vector_add.csv,by_n_block,65536,256,100,0,6.831173,5.875305,8.370370,5.171717,49.136679
cuda_timings_vector_add.csv,by_n_block,65536,512,100,0,7.025891,6.263323,8.405797,2.182414,51.592978
cuda_timings_vector_add.csv,by_n_block,8192,128,100,0,5.085157,4.816667,6.427763,3.957346,8.125000
cuda_timings_vector_add.csv,by_n_block,8192,256,100,0,4.856501,4.610294,6.353846,2.491018,6.573991
cuda_timings_vector_add.csv,by_n_block,8192,512,100,0,5.283639,5.269006,6.674306,2.225722,6.847328
cuda_timings_vector_add.csv,by_n_block,8388608,128,100,0,17.024997,16.515424,17.134602,15.761211,63.541309
cuda_timings_vector_add.csv,by_n_block,8388608,256,100,0,23.654046,22.892339,24.328757,21.852022,89.524520
cuda_timings_vector_add.csv,by_n_block,8388608,512,100,0,21.979384,21.220481,22.700733,20.190149,83.813592
cuda_timings_vector_add.csv,by_size,1024,,300,0,4.785342,4.430157,6.170543,2.126437,8.746753
cuda_timings_vector_add.csv,by_size,1048576,,300,0,14.971788,14.153505,18.934830,7.130943,61.448891
cuda_timings_vector_add.csv,by_size,131072,,300,0,7.462266,6.784574,8.870077,2.714859,87.956922
cuda_timings_vector_add.csv,by_size,16384,,300,0,6.983580,6.789738,9.102190,1.419883,9.925926
cuda_timings_vector_add.csv,by_size,16777216,,300,0,21.378615,22.085779,23.661255,16.814491,88.040641
cuda_timings_vector_add.csv,by_size,2048,,300,0,4.646960,4.279313,6.081967,1.419729,8.296296
cuda_timings_vector_add.csv,by_size,2097152,,300,0,19.815564,19.575577,25.052151,11.116351,128.740774
cuda_timings_vector_add.csv,by_size,262144,,300,0,12.713056,8.365359,10.366991,3.386892,1217.713385
cuda_timings_vector_add.csv,by_size,32768,,300,0,6.662602,5.859988,7.839416,2.697121,85.901786
cuda_timings_vector_add.csv,by_size,4096,,300,0,4.671725,4.400661,5.894737,2.031578,8.930636
cuda_timings_vector_add.csv,by_size,4194304,,300,0,22.953788,23.542367,28.671374,14.518254,104.396264
cuda_timings_vector_add.csv,by_size,524288,,300,0,11.791717,11.382497,13.172038,7.478072,82.000647
cuda_timings_vector_add.csv,by_size,65536,,300,0,7.013975,6.081522,8.424242,2.182414,81.128567
cuda_timings_vector_add.csv,by_size,8192,,300,0,5.075099,4.746754,6.531915,2.225722,8.125000
cuda_timings_vector_add.csv,by_size,8388608,,300,0,20.886142,21.233949,23.489904,15.761211,89.524520
